"1","Brasforma Industria e Comercio Ltda","278570/01",NULL,"2025-10-08",NULL,NULL,"9405.58","Pago","Ref. a NF nº 278570","Importação PDF"
"2","Brasforma Industria e Comercio Ltda","279435/01",NULL,"2025-10-25",NULL,NULL,"6375.60","Pago","Ref. a NF nº 279435","Importação PDF"
"3","Brasforma Industria e Comercio Ltda","279582/01",NULL,"2025-10-29",NULL,NULL,"4504.25","Pago","Ref. a NF nº 279582","Importação PDF"
"4","Brasforma Industria e Comercio Ltda","279763/01",NULL,"2025-10-31",NULL,NULL,"4281.06","Pago","Ref. a NF nº 279763","Importação PDF"
"5","Brasforma Industria e Comercio Ltda","279894/01",NULL,"2025-11-02",NULL,NULL,"1343.08","Pago","Ref. a NF nº 279894","Importação PDF"
"6","Brasforma Industria e Comercio Ltda","279898/01",NULL,"2025-11-02",NULL,NULL,"4443.60","Pago","Ref. a NF nº 279898","Importação PDF"
"7","Brasforma Industria e Comercio Ltda","278570/02",NULL,"2025-11-07",NULL,NULL,"8570.00","Pago","Ref. a NF nº 278570","Importação PDF"
"8","Brasforma Industria e Comercio Ltda","280400/01",NULL,"2025-11-14",NULL,NULL,"953.23","Pago","Ref. a NF nº 280400 - boletos recalculados (antes 4 parcelas, agora 2 parcelas)","Importação PDF"
"9","Brasforma Industria e Comercio Ltda","279435/02",NULL,"2025-11-24",NULL,NULL,"5796.00","Pago","Ref. a NF nº 279435","Importação PDF"
"10","Brasforma Industria e Comercio Ltda","279582/02",NULL,"2025-11-28",NULL,NULL,"3753.54","Pago","Ref. a NF nº 279582","Importação PDF"
"11","Brasforma Industria e Comercio Ltda","281061/01",NULL,"2025-11-28",NULL,NULL,"3564.00","Pago","Ref. a NF nº 281061","Importação PDF"
"12","Brasforma Industria e Comercio Ltda","281058/01",NULL,"2025-11-28",NULL,NULL,"3628.80","Pago","Ref. a NF nº 281058","Importação PDF"
"13","Brasforma Industria e Comercio Ltda","279898/02",NULL,"2025-12-02",NULL,NULL,"3864.00","Pago","Ref. a NF nº 279898","Importação PDF"
"41","Colecao Industria e Comercio LTDA.","190825/01",NULL,"2025-10-26",NULL,NULL,"721.92","Pago","Ref. a NF nº 190825","Importação PDF"
"42","Colecao Industria e Comercio LTDA.","190825/02",NULL,"2025-11-25",NULL,NULL,"721.92","Pago","Ref. a NF nº 190825","Importação PDF"
"43","Colecao Industria e Comercio LTDA.","190825/03",NULL,"2025-12-25",NULL,NULL,"721.92","Pago","Ref. a NF nº 190825","Importação PDF"
"44","Colecao Industria e Comercio LTDA.","190825/04",NULL,"2026-01-24",NULL,NULL,"721.93","Pago","Ref. a NF nº 190825","Importação PDF"
"45","ELGIN DISTRIBUIDORA LTDA","343319/01",NULL,"2025-11-18",NULL,NULL,"4658.98","Pago","Ref. a NF nº 343319","Importação PDF"
"46","ELGIN DISTRIBUIDORA LTDA","343319/02",NULL,"2025-12-18",NULL,NULL,"4658.98","Pago","Ref. a NF nº 343319","Importação PDF"
"47","ELGIN DISTRIBUIDORA LTDA","350383/01",NULL,"2025-12-21",NULL,NULL,"3008.78","Em aberto","Ref. a NF nº 350383","Importação PDF"
"48","ELGIN DISTRIBUIDORA LTDA","350296/01",NULL,"2025-12-21",NULL,NULL,"3008.78","Em aberto","Ref. a NF nº 350296","Importação PDF"
"49","ELGIN DISTRIBUIDORA LTDA","343319/03",NULL,"2026-01-17",NULL,NULL,"4658.98","Pago","Ref. a NF nº 343319","Importação PDF"
"50","ELGIN DISTRIBUIDORA LTDA","350296/02",NULL,"2026-01-20",NULL,NULL,"3008.60","Em aberto","Ref. a NF nº 350296","Importação PDF"
"51","ELGIN DISTRIBUIDORA LTDA","350383/02",NULL,"2026-01-20",NULL,NULL,"3008.60","Em aberto","Ref. a NF nº 350383","Importação PDF"
"52","ELGIN DISTRIBUIDORA LTDA","343319/04",NULL,"2026-02-16",NULL,NULL,"4658.96","Pago","Ref. a NF nº 343319","Importação PDF"
"53","ELGIN DISTRIBUIDORA LTDA","350296/03",NULL,"2026-02-19",NULL,NULL,"3008.50","Em aberto","Ref. a NF nº 350296","Importação PDF"
"54","ELGIN DISTRIBUIDORA LTDA","350383/03",NULL,"2026-02-19",NULL,NULL,"3008.50","Em aberto","Ref. a NF nº 350383","Importação PDF"
"55","GAZIN ATACADO CENTRO-OESTE LTDA","1776074/01",NULL,"2025-11-18",NULL,NULL,"6104.09","Pago","Ref. a NF nº 1776074","Importação PDF"
"56","GAZIN ATACADO CENTRO-OESTE LTDA","1776074/02",NULL,"2025-12-18",NULL,NULL,"6104.07","Em aberto","Ref. a NF nº 1776074","Importação PDF"
"57","GAZIN ATACADO CENTRO-OESTE LTDA","1776074/03",NULL,"2026-01-17",NULL,NULL,"6104.07","Em aberto","Ref. a NF nº 1776074","Importação PDF"
"58","GAZIN ATACADO CENTRO-OESTE LTDA","1776074/04",NULL,"2026-02-16",NULL,NULL,"6104.07","Em aberto","Ref. a NF nº 1776074","Importação PDF"
"59","GRUPO MULTI S.A","2992593/01",NULL,"2025-09-28",NULL,NULL,"6442.28","Pago","Ref. a NF nº 2992593","Importação PDF"
"60","GRUPO MULTI S.A","2992593/02",NULL,"2025-10-28",NULL,NULL,"6442.28","Pago","Ref. a NF nº 2992593","Importação PDF"
"61","GRUPO MULTI S.A","3063157/01",NULL,"2025-10-29",NULL,NULL,"9094.47","Pago","Ref. a NF nº 3063157","Importação PDF"
"62","GRUPO MULTI S.A","2992593/03",NULL,"2025-11-27",NULL,NULL,"6444.20","Pago","Ref. a NF nº 2992593","Importação PDF"
"63","GRUPO MULTI S.A","3117159/01",NULL,"2025-11-30",NULL,NULL,"16408.98","Pago","Ref. a NF nº 3117159","Importação PDF"
"64","GRUPO MULTI S.A","3161160/01",NULL,"2025-12-21",NULL,NULL,"10027.71","Em aberto","Ref. a NF nº 3161160","Importação PDF"
"65","INTELBRAS S/A - IND DE TEL ELET BRA","179067/01",NULL,"2025-08-26",NULL,NULL,"20751.56","Pago","Ref. a NF nº 179067 - Pagamento à vista","Importação PDF"
"66","INTELBRAS S/A - IND DE TEL ELET BRA","189022/01",NULL,"2025-08-26",NULL,NULL,"705.53","Pago","Ref. a NF nº 189022","Importação PDF"
"67","INTELBRAS S/A - IND DE TEL ELET BRA","189021/01",NULL,"2025-08-26",NULL,NULL,"71435.24","Pago","Ref. a NF nº 189021","Importação PDF"
"68","INTELBRAS S/A - IND DE TEL ELET BRA","207147/01",NULL,"2025-09-15",NULL,NULL,"536.47","Pago","Ref. a NF nº 207147","Importação PDF"
"69","INTELBRAS S/A - IND DE TEL ELET BRA","207137/01",NULL,"2025-09-15",NULL,NULL,"79576.47","Pago","Ref. a NF nº 207137","Importação PDF"
"70","INTELBRAS S/A - IND DE TEL ELET BRA","207143/01",NULL,"2025-09-15",NULL,NULL,"715.30","Pago","Ref. a NF nº 207143","Importação PDF"
"71","INTELBRAS S/A - IND DE TEL ELET BRA","186035/01",NULL,"2025-09-19",NULL,NULL,"2385.45","Pago","Ref. a NF nº 186035","Importação PDF"
"72","INTELBRAS S/A - IND DE TEL ELET BRA","186032/01",NULL,"2025-09-19",NULL,NULL,"1829.87","Pago","Ref. a NF nº 186032","Importação PDF"
"73","INTELBRAS S/A - IND DE TEL ELET BRA","186031/01",NULL,"2025-09-19",NULL,NULL,"11289.20","Pago","Ref. a NF nº 186031","Importação PDF"
"74","INTELBRAS S/A - IND DE TEL ELET BRA","191684/01",NULL,"2025-09-25",NULL,NULL,"3651.35","Pago","Ref. a NF nº 191684","Importação PDF"
"75","INTELBRAS S/A - IND DE TEL ELET BRA","192417/01",NULL,"2025-09-26",NULL,NULL,"2190.81","Pago","Ref. a NF nº 192417","Importação PDF"
"76","INTELBRAS S/A - IND DE TEL ELET BRA","192423/01",NULL,"2025-09-26",NULL,NULL,"243.42","Pago","Ref. a NF nº 192423","Importação PDF"
"77","INTELBRAS S/A - IND DE TEL ELET BRA","197148/01",NULL,"2025-10-01",NULL,NULL,"12670.09","Pago","Ref. a NF nº 197148","Importação PDF"
"78","INTELBRAS S/A - IND DE TEL ELET BRA","197139/01",NULL,"2025-10-01",NULL,NULL,"22050.51","Pago","Ref. a NF nº 197139","Importação PDF"
"79","INTELBRAS S/A - IND DE TEL ELET BRA","226718/01",NULL,"2025-10-03",NULL,NULL,"19530.05","Pago","Ref. a NF nº 226718","Importação PDF"
"80","INTELBRAS S/A - IND DE TEL ELET BRA","202205/01",NULL,"2025-10-07",NULL,NULL,"9683.09","Pago","Ref. a NF nº 202205","Importação PDF"
"81","INTELBRAS S/A - IND DE TEL ELET BRA","202193/01",NULL,"2025-10-07",NULL,NULL,"5848.21","Pago","Ref. a NF nº 202193","Importação PDF"
"82","INTELBRAS S/A - IND DE TEL ELET BRA","202202/01",NULL,"2025-10-07",NULL,NULL,"1941.51","Pago","Ref. a NF nº 202202","Importação PDF"
"83","INTELBRAS S/A - IND DE TEL ELET BRA","202199/01",NULL,"2025-10-07",NULL,NULL,"3355.27","Pago","Ref. a NF nº 202199","Importação PDF"
"84","INTELBRAS S/A - IND DE TEL ELET BRA","202188/01",NULL,"2025-10-07",NULL,NULL,"2741.42","Pago","Ref. a NF nº 202188","Importação PDF"
"85","INTELBRAS S/A - IND DE TEL ELET BRA","231931/01",NULL,"2025-10-10",NULL,NULL,"730.27","Pago","Ref. a NF nº 231931 - à vista","Importação PDF"
"86","INTELBRAS S/A - IND DE TEL ELET BRA","233141/01",NULL,"2025-10-13",NULL,NULL,"22941.77","Pago","Ref. a NF nº 233141 - à vista","Importação PDF"
"87","INTELBRAS S/A - IND DE TEL ELET BRA","239393/01",NULL,"2025-10-16",NULL,NULL,"9483.09","Pago","Ref. a NF nº 239393 - à vista","Importação PDF"
"88","INTELBRAS S/A - IND DE TEL ELET BRA","186035/02",NULL,"2025-10-17",NULL,NULL,"2385.45","Pago","Ref. a NF nº 186035","Importação PDF"
"89","INTELBRAS S/A - IND DE TEL ELET BRA","186032/02",NULL,"2025-10-17",NULL,NULL,"1829.87","Pago","Ref. a NF nº 186032","Importação PDF"
"90","INTELBRAS S/A - IND DE TEL ELET BRA","186031/02",NULL,"2025-10-17",NULL,NULL,"11289.20","Pago","Ref. a NF nº 186031","Importação PDF"
"91","INTELBRAS S/A - IND DE TEL ELET BRA","191684/02",NULL,"2025-10-23",NULL,NULL,"3651.35","Pago","Ref. a NF nº 191684","Importação PDF"
"92","INTELBRAS S/A - IND DE TEL ELET BRA","246076/01",NULL,"2025-10-23",NULL,NULL,"20751.56","Pago","Ref. a NF nº 246076","Importação PDF"
"93","INTELBRAS S/A - IND DE TEL ELET BRA","246072/01",NULL,"2025-10-23",NULL,NULL,"9483.09","Pago","Ref. a NF nº 246072 - À vista","Importação PDF"
"94","INTELBRAS S/A - IND DE TEL ELET BRA","246068/01",NULL,"2025-10-23",NULL,NULL,"26823.53","Pago","Ref. a NF nº 246068 - à vista","Importação PDF"
"95","INTELBRAS S/A - IND DE TEL ELET BRA","192417/02",NULL,"2025-10-24",NULL,NULL,"2190.81","Pago","Ref. a NF nº 192417","Importação PDF"
"96","INTELBRAS S/A - IND DE TEL ELET BRA","192423/02",NULL,"2025-10-24",NULL,NULL,"243.42","Pago","Ref. a NF nº 192423","Importação PDF"
"97","INTELBRAS S/A - IND DE TEL ELET BRA","197148/02",NULL,"2025-10-29",NULL,NULL,"12670.09","Pago","Ref. a NF nº 197148","Importação PDF"
"98","INTELBRAS S/A - IND DE TEL ELET BRA","197139/02",NULL,"2025-10-29",NULL,NULL,"22050.51","Pago","Ref. a NF nº 197139","Importação PDF"
"99","INTELBRAS S/A - IND DE TEL ELET BRA","202188/02",NULL,"2025-11-04",NULL,NULL,"2741.42","Pago","Ref. a NF nº 202188","Importação PDF"
"100","INTELBRAS S/A - IND DE TEL ELET BRA","202205/02",NULL,"2025-11-04",NULL,NULL,"9683.09","Pago","Ref. a NF nº 202205","Importação PDF"
"101","INTELBRAS S/A - IND DE TEL ELET BRA","202193/02",NULL,"2025-11-04",NULL,NULL,"5848.21","Pago","Ref. a NF nº 202193","Importação PDF"
"102","INTELBRAS S/A - IND DE TEL ELET BRA","202202/02",NULL,"2025-11-04",NULL,NULL,"1941.51","Pago","Ref. a NF nº 202202","Importação PDF"
"103","INTELBRAS S/A - IND DE TEL ELET BRA","202199/02",NULL,"2025-11-04",NULL,NULL,"3355.27","Pago","Ref. a NF nº 202199","Importação PDF"
"104","INTELBRAS S/A - IND DE TEL ELET BRA","186031/03",NULL,"2025-11-14",NULL,NULL,"11292.60","Pago","Ref. a NF nº 186031","Importação PDF"
"105","INTELBRAS S/A - IND DE TEL ELET BRA","240522/01",NULL,"2025-11-14",NULL,NULL,"35886.04","Pago","Ref. a NF nº 240522","Importação PDF"
"106","INTELBRAS S/A - IND DE TEL ELET BRA","186035/03",NULL,"2025-11-14",NULL,NULL,"2386.18","Pago","Ref. a NF nº 186035","Importação PDF"
"107","INTELBRAS S/A - IND DE TEL ELET BRA","186032/03",NULL,"2025-11-14",NULL,NULL,"1830.42","Pago","Ref. a NF nº 186032","Importação PDF"
"108","INTELBRAS S/A - IND DE TEL ELET BRA","240517/01",NULL,"2025-11-14",NULL,NULL,"589.37","Pago","Ref. a NF nº 240517","Importação PDF"
"109","INTELBRAS S/A - IND DE TEL ELET BRA","192417/03",NULL,"2025-11-21",NULL,NULL,"2191.46","Pago","Ref. a NF nº 192417","Importação PDF"
"110","INTELBRAS S/A - IND DE TEL ELET BRA","191684/03",NULL,"2025-11-21",NULL,NULL,"3652.44","Pago","Ref. a NF nº 191684","Importação PDF"
"111","INTELBRAS S/A - IND DE TEL ELET BRA","192423/03",NULL,"2025-11-21",NULL,NULL,"243.50","Pago","Ref. a NF nº 192423","Importação PDF"
"112","INTELBRAS S/A - IND DE TEL ELET BRA","197148/03",NULL,"2025-11-26",NULL,NULL,"12673.88","Pago","Ref. a NF nº 197148","Importação PDF"
"113","INTELBRAS S/A - IND DE TEL ELET BRA","197139/03",NULL,"2025-11-26",NULL,NULL,"22057.14","Pago","Ref. a NF nº 197139","Importação PDF"
"114","INTELBRAS S/A - IND DE TEL ELET BRA","253030/01",NULL,"2025-11-27",NULL,NULL,"11027.67","Pago","Ref. a NF nº 253030","Importação PDF"
"115","INTELBRAS S/A - IND DE TEL ELET BRA","253003/01",NULL,"2025-11-27",NULL,NULL,"1825.89","Pago","Ref. a NF nº 253003","Importação PDF"
"116","INTELBRAS S/A - IND DE TEL ELET BRA","253014/01",NULL,"2025-11-27",NULL,NULL,"3219.44","Pago","Ref. a NF nº 253014","Importação PDF"
"117","INTELBRAS S/A - IND DE TEL ELET BRA","202199/03",NULL,"2025-12-02",NULL,NULL,"3356.28","Pago","Ref. a NF nº 202199","Importação PDF"
"118","INTELBRAS S/A - IND DE TEL ELET BRA","202188/03",NULL,"2025-12-02",NULL,NULL,"2742.25","Pago","Ref. a NF nº 202188","Importação PDF"
"119","INTELBRAS S/A - IND DE TEL ELET BRA","202205/03",NULL,"2025-12-02",NULL,NULL,"9686.01","Pago","Ref. a NF nº 202205","Importação PDF"
"120","INTELBRAS S/A - IND DE TEL ELET BRA","202193/03",NULL,"2025-12-02",NULL,NULL,"5849.97","Pago","Ref. a NF nº 202193","Importação PDF"
"121","INTELBRAS S/A - IND DE TEL ELET BRA","202202/03",NULL,"2025-12-02",NULL,NULL,"1942.10","Pago","Ref. a NF nº 202202","Importação PDF"
"122","INTELBRAS S/A - IND DE TEL ELET BRA","256356/01",NULL,"2025-12-03",NULL,NULL,"8345.27","Pago","Ref. a NF nº 256356","Importação PDF"
"123","INTELBRAS S/A - IND DE TEL ELET BRA","256295/01",NULL,"2025-12-03",NULL,NULL,"55.34","Pago","Ref. a NF nº 256295","Importação PDF"
"124","INTELBRAS S/A - IND DE TEL ELET BRA","256301/01",NULL,"2025-12-03",NULL,NULL,"3458.66","Pago","Ref. a NF nº 256301","Importação PDF"
"125","INTELBRAS S/A - IND DE TEL ELET BRA","262940/01",NULL,"2025-12-10",NULL,NULL,"1580.55","Atrasada","Ref. a NF nº 262940","Importação PDF"
"126","INTELBRAS S/A - IND DE TEL ELET BRA","264492/01",NULL,"2025-12-11",NULL,NULL,"1580.55","Atrasada","Ref. a NF nº 264492","Importação PDF"
"127","INTELBRAS S/A - IND DE TEL ELET BRA","240522/02",NULL,"2025-12-12",NULL,NULL,"35884.96","Atrasada","Ref. a NF nº 240522","Importação PDF"
"128","INTELBRAS S/A - IND DE TEL ELET BRA","240517/02",NULL,"2025-12-12",NULL,NULL,"589.35","Atrasada","Ref. a NF nº 240517","Importação PDF"
"129","INTELBRAS S/A - IND DE TEL ELET BRA","274074/01",NULL,"2025-12-23",NULL,NULL,"6917.33","Em aberto","Ref. a NF nº 274074","Importação PDF"
"130","INTELBRAS S/A - IND DE TEL ELET BRA","253030/02",NULL,"2025-12-26",NULL,NULL,"11027.34","Em aberto","Ref. a NF nº 253030","Importação PDF"
"131","INTELBRAS S/A - IND DE TEL ELET BRA","253003/02",NULL,"2025-12-26",NULL,NULL,"1825.84","Em aberto","Ref. a NF nº 253003","Importação PDF"
"132","INTELBRAS S/A - IND DE TEL ELET BRA","253014/02",NULL,"2025-12-26",NULL,NULL,"3219.35","Em aberto","Ref. a NF nº 253014","Importação PDF"
"133","INTELBRAS S/A - IND DE TEL ELET BRA","278908/01",NULL,"2025-12-29",NULL,NULL,"1580.55","Em aberto","Ref. a NF nº 278908","Importação PDF"
"134","INTELBRAS S/A - IND DE TEL ELET BRA","280121/01",NULL,"2025-12-29",NULL,NULL,"5425.22","Em aberto","Ref. a NF nº 280121","Importação PDF"
"135","INTELBRAS S/A - IND DE TEL ELET BRA","256356/02",NULL,"2026-01-02",NULL,NULL,"8345.02","Em aberto","Ref. a NF nº 256356","Importação PDF"
"136","INTELBRAS S/A - IND DE TEL ELET BRA","281573/01",NULL,"2026-01-02",NULL,NULL,"13834.65","Em aberto","Ref. a NF nº 281573","Importação PDF"
"137","INTELBRAS S/A - IND DE TEL ELET BRA","283103/01",NULL,"2026-01-02",NULL,NULL,"1580.55","Em aberto","Ref. a NF nº 283103","Importação PDF"
"138","INTELBRAS S/A - IND DE TEL ELET BRA","256295/02",NULL,"2026-01-02",NULL,NULL,"55.34","Em aberto","Ref. a NF nº 256295","Importação PDF"
"139","INTELBRAS S/A - IND DE TEL ELET BRA","256301/02",NULL,"2026-01-02",NULL,NULL,"3458.56","Em aberto","Ref. a NF nº 256301","Importação PDF"
"140","INTELBRAS S/A - IND DE TEL ELET BRA","281542/01",NULL,"2026-01-02",NULL,NULL,"1370.73","Em aberto","Ref. a NF nº 281542","Importação PDF"
"141","INTELBRAS S/A - IND DE TEL ELET BRA","285855/01",NULL,"2026-01-05",NULL,NULL,"6422.08","Em aberto","Ref. a NF nº 285855","Importação PDF"
"142","INTELBRAS S/A - IND DE TEL ELET BRA","262940/02",NULL,"2026-01-07",NULL,NULL,"1580.50","Em aberto","Ref. a NF nº 262940","Importação PDF"
"143","INTELBRAS S/A - IND DE TEL ELET BRA","264492/02",NULL,"2026-01-08",NULL,NULL,"1580.50","Em aberto","Ref. a NF nº 264492","Importação PDF"
"144","INTELBRAS S/A - IND DE TEL ELET BRA","240517/03",NULL,"2026-01-09",NULL,NULL,"589.36","Em aberto","Ref. a NF nº 240517","Importação PDF"
"145","INTELBRAS S/A - IND DE TEL ELET BRA","240522/03",NULL,"2026-01-09",NULL,NULL,"35884.97","Em aberto","Ref. a NF nº 240522","Importação PDF"
"146","INTELBRAS S/A - IND DE TEL ELET BRA","274074/02",NULL,"2026-01-20",NULL,NULL,"6917.12","Em aberto","Ref. a NF nº 274074","Importação PDF"
"147","INTELBRAS S/A - IND DE TEL ELET BRA","253030/03",NULL,"2026-01-22",NULL,NULL,"11027.34","Em aberto","Ref. a NF nº 253030","Importação PDF"
"148","INTELBRAS S/A - IND DE TEL ELET BRA","253003/03",NULL,"2026-01-22",NULL,NULL,"1825.84","Em aberto","Ref. a NF nº 253003","Importação PDF"
"149","INTELBRAS S/A - IND DE TEL ELET BRA","253014/03",NULL,"2026-01-22",NULL,NULL,"3219.35","Em aberto","Ref. a NF nº 253014","Importação PDF"
"150","INTELBRAS S/A - IND DE TEL ELET BRA","278908/02",NULL,"2026-01-26",NULL,NULL,"1580.50","Em aberto","Ref. a NF nº 278908","Importação PDF"
"151","INTELBRAS S/A - IND DE TEL ELET BRA","280121/02",NULL,"2026-01-26",NULL,NULL,"5425.06","Em aberto","Ref. a NF nº 280121","Importação PDF"
"152","INTELBRAS S/A - IND DE TEL ELET BRA","256301/03",NULL,"2026-01-28",NULL,NULL,"3458.56","Em aberto","Ref. a NF nº 256301","Importação PDF"
"153","INTELBRAS S/A - IND DE TEL ELET BRA","281542/02",NULL,"2026-01-28",NULL,NULL,"1370.69","Em aberto","Ref. a NF nº 281542","Importação PDF"
"154","INTELBRAS S/A - IND DE TEL ELET BRA","256356/03",NULL,"2026-01-28",NULL,NULL,"8345.01","Em aberto","Ref. a NF nº 256356","Importação PDF"
"155","INTELBRAS S/A - IND DE TEL ELET BRA","281573/02",NULL,"2026-01-28",NULL,NULL,"13834.23","Em aberto","Ref. a NF nº 281573","Importação PDF"
"156","INTELBRAS S/A - IND DE TEL ELET BRA","256295/03",NULL,"2026-01-28",NULL,NULL,"55.33","Em aberto","Ref. a NF nº 256295","Importação PDF"
"157","INTELBRAS S/A - IND DE TEL ELET BRA","283103/02",NULL,"2026-01-29",NULL,NULL,"1580.50","Em aberto","Ref. a NF nº 283103","Importação PDF"
"158","INTELBRAS S/A - IND DE TEL ELET BRA","285855/02",NULL,"2026-02-02",NULL,NULL,"6421.89","Em aberto","Ref. a NF nº 285855","Importação PDF"
"159","INTELBRAS S/A - IND DE TEL ELET BRA","262940/03",NULL,"2026-02-04",NULL,NULL,"1580.50","Em aberto","Ref. a NF nº 262940","Importação PDF"
"160","INTELBRAS S/A - IND DE TEL ELET BRA","264492/03",NULL,"2026-02-05",NULL,NULL,"1580.50","Em aberto","Ref. a NF nº 264492","Importação PDF"
"161","INTELBRAS S/A - IND DE TEL ELET BRA","274074/03",NULL,"2026-02-18",NULL,NULL,"6917.11","Em aberto","Ref. a NF nº 274074","Importação PDF"
"162","INTELBRAS S/A - IND DE TEL ELET BRA","278908/03",NULL,"2026-02-23",NULL,NULL,"1580.50","Em aberto","Ref. a NF nº 278908","Importação PDF"
"163","INTELBRAS S/A - IND DE TEL ELET BRA","280121/03",NULL,"2026-02-23",NULL,NULL,"5425.05","Em aberto","Ref. a NF nº 280121","Importação PDF"
"164","INTELBRAS S/A - IND DE TEL ELET BRA","281542/03",NULL,"2026-02-25",NULL,NULL,"1370.69","Em aberto","Ref. a NF nº 281542","Importação PDF"
"165","INTELBRAS S/A - IND DE TEL ELET BRA","281573/03",NULL,"2026-02-25",NULL,NULL,"13834.24","Em aberto","Ref. a NF nº 281573","Importação PDF"
"166","INTELBRAS S/A - IND DE TEL ELET BRA","283103/03",NULL,"2026-02-26",NULL,NULL,"1580.50","Em aberto","Ref. a NF nº 283103","Importação PDF"
"167","INTELBRAS S/A - IND DE TEL ELET BRA","285855/03",NULL,"2026-03-02",NULL,NULL,"6421.88","Em aberto","Ref. a NF nº 285855","Importação PDF"
"168","INTELBRAS S/A - IND DE TEL ELET BRA","029618/01",NULL,"2025-08-04",NULL,NULL,"3576.47","Pago","Ref. a NF nº 029618","Importação PDF"
"169","INTELBRAS S/A - IND DE TEL ELET BRA","030565/01",NULL,"2025-08-13",NULL,NULL,"2113.31","Pago","Ref. a NF nº 030565","Importação PDF"
"170","INTELBRAS S/A - IND DE TEL ELET BRA","030564/01",NULL,"2025-08-13",NULL,NULL,"61051.11","Pago","Ref. a NF nº 030564","Importação PDF"
"171","INTELBRAS S/A - IND DE TEL ELET BRA","030563/01",NULL,"2025-08-13",NULL,NULL,"7044.35","Pago","Ref. a NF nº 030563","Importação PDF"
"172","INTELBRAS S/A - IND DE TEL ELET BRA","030562/01",NULL,"2025-08-13",NULL,NULL,"117.41","Pago","Ref. a NF nº 030562","Importação PDF"
"173","INTELBRAS S/A - IND DE TEL ELET BRA","031963/01",NULL,"2025-08-22",NULL,NULL,"33945.61","Pago","Ref. a NF nº 031963","Importação PDF"
"174","INTELBRAS S/A - IND DE TEL ELET BRA","034780/01",NULL,"2025-10-08",NULL,NULL,"503.68","Pago","Ref. a NF nº 034780","Importação PDF"
"175","INTELBRAS S/A - IND DE TEL ELET BRA","034779/01",NULL,"2025-10-08",NULL,NULL,"34250.45","Pago","Ref. a NF nº 034779","Importação PDF"
"176","INTELBRAS S/A - IND DE TEL ELET BRA","034779/02",NULL,"2025-11-05",NULL,NULL,"34250.45","Pago","Ref. a NF nº 034779","Importação PDF"
"177","INTELBRAS S/A - IND DE TEL ELET BRA","034780/02",NULL,"2025-11-05",NULL,NULL,"503.68","Pago","Ref. a NF nº 034780","Importação PDF"
"178","INTELBRAS S/A - IND DE TEL ELET BRA","034779/03",NULL,"2025-12-03",NULL,NULL,"34260.74","Pago","Ref. a NF nº 034779","Importação PDF"
"179","INTELBRAS S/A - IND DE TEL ELET BRA","034780/03",NULL,"2025-12-03",NULL,NULL,"503.84","Pago","Ref. a NF nº 034780","Importação PDF"
"180","KIDASEN INDUSTRIA E COMERCIO DE ANTENAS LTDA","365566/01",NULL,"2025-10-03",NULL,NULL,"5000.01","Pago","Ref. NF 365566","Importação PDF"
"181","KIDASEN INDUSTRIA E COMERCIO DE ANTENAS LTDA","365858/01",NULL,"2025-10-09",NULL,NULL,"7637.27","Pago","Ref. a NF nº 365858 - Antecipado 50% À vista","Importação PDF"
"182","KIDASEN INDUSTRIA E COMERCIO DE ANTENAS LTDA","366686/01",NULL,"2025-10-27",NULL,NULL,"13227.30","Pago","Ref. a NF nº 366686 - 50% pago à vista","Importação PDF"
"183","KIDASEN INDUSTRIA E COMERCIO DE ANTENAS LTDA","365566/02",NULL,"2025-11-03",NULL,NULL,"6171.12","Pago","Ref. NF 365566","Importação PDF"
"184","KIDASEN INDUSTRIA E COMERCIO DE ANTENAS LTDA","367061/01",NULL,"2025-11-03",NULL,NULL,"9740.68","Pago","Ref. a NF nº 367061","Importação PDF"
"185","KIDASEN INDUSTRIA E COMERCIO DE ANTENAS LTDA","365858/02",NULL,"2025-11-10",NULL,NULL,"6435.67","Pago","Ref. a NF nº 365858 - Antecipado 50% À vista","Importação PDF"
"186","KIDASEN INDUSTRIA E COMERCIO DE ANTENAS LTDA","368113/01",NULL,"2025-11-24",NULL,NULL,"7669.03","Pago","Ref. a NF nº 368113","Importação PDF"
"187","KIDASEN INDUSTRIA E COMERCIO DE ANTENAS LTDA","368110/01",NULL,"2025-11-24",NULL,NULL,"5290.92","Pago","Ref. a NF nº 368110 - Pagamento 50% a vista - alteração de valores de parcelas","Importação PDF"
"188","KIDASEN INDUSTRIA E COMERCIO DE ANTENAS LTDA","366686/02",NULL,"2025-11-24",NULL,NULL,"13227.30","Pago","Ref. a NF nº 366686 - 50% pago à vista","Importação PDF"
"189","KIDASEN INDUSTRIA E COMERCIO DE ANTENAS LTDA","368487/01",NULL,"2025-12-01",NULL,NULL,"2622.07","Pago","Ref. a NF nº 368487","Importação PDF"
"190","KIDASEN INDUSTRIA E COMERCIO DE ANTENAS LTDA","367061/02",NULL,"2025-12-01",NULL,NULL,"8755.66","Pago","Ref. a NF nº 367061","Importação PDF"
"191","KIDASEN INDUSTRIA E COMERCIO DE ANTENAS LTDA","365566/03",NULL,"2025-12-02",NULL,NULL,"6171.12","Pago","Ref. NF 365566","Importação PDF"
"192","KIDASEN INDUSTRIA E COMERCIO DE ANTENAS LTDA","368712/01",NULL,"2025-12-05",NULL,NULL,"3417.37","Pago","Ref. a NF nº 368712","Importação PDF"
"193","KIDASEN INDUSTRIA E COMERCIO DE ANTENAS LTDA","365858/03",NULL,"2025-12-08",NULL,NULL,"6435.66","Atrasada","Ref. a NF nº 365858 - Antecipado 50% À vista","Importação PDF"
"194","KIDASEN INDUSTRIA E COMERCIO DE ANTENAS LTDA","369583/01",NULL,"2025-12-19",NULL,NULL,"15337.94","Em aberto","Ref. a NF nº 369583","Importação PDF"
"195","KIDASEN INDUSTRIA E COMERCIO DE ANTENAS LTDA","368113/02",NULL,"2025-12-22",NULL,NULL,"6417.60","Em aberto","Ref. a NF nº 368113","Importação PDF"
"196","KIDASEN INDUSTRIA E COMERCIO DE ANTENAS LTDA","368110/02",NULL,"2025-12-22",NULL,NULL,"5290.92","Pago","Ref. a NF nº 368110 - Pagamento 50% a vista - alteração de valores de parcelas","Importação PDF"
"197","KIDASEN INDUSTRIA E COMERCIO DE ANTENAS LTDA","366686/03",NULL,"2025-12-24",NULL,NULL,"13227.30","Em aberto","Ref. a NF nº 366686 - 50% pago à vista","Importação PDF"
"198","KIDASEN INDUSTRIA E COMERCIO DE ANTENAS LTDA","369795/01",NULL,"2025-12-25",NULL,NULL,"9574.53","Em aberto","Ref. a NF nº 369795","Importação PDF"
"199","KIDASEN INDUSTRIA E COMERCIO DE ANTENAS LTDA","368487/02",NULL,"2025-12-30",NULL,NULL,"2194.20","Pago","Ref. a NF nº 368487","Importação PDF"
"200","KIDASEN INDUSTRIA E COMERCIO DE ANTENAS LTDA","367061/03",NULL,"2025-12-31",NULL,NULL,"8755.66","Em aberto","Ref. a NF nº 367061","Importação PDF"
"201","KIDASEN INDUSTRIA E COMERCIO DE ANTENAS LTDA","368712/02",NULL,"2026-01-05",NULL,NULL,"6417.60","Em aberto","Ref. a NF nº 368712","Importação PDF"
"202","KIDASEN INDUSTRIA E COMERCIO DE ANTENAS LTDA","369583/02",NULL,"2026-01-19",NULL,NULL,"12835.09","Em aberto","Ref. a NF nº 369583","Importação PDF"
"203","KIDASEN INDUSTRIA E COMERCIO DE ANTENAS LTDA","368113/03",NULL,"2026-01-21",NULL,NULL,"6417.60","Em aberto","Ref. a NF nº 368113","Importação PDF"
"204","KIDASEN INDUSTRIA E COMERCIO DE ANTENAS LTDA","368110/03",NULL,"2026-01-21",NULL,NULL,"5290.92","Pago","Ref. a NF nº 368110 - Pagamento 50% a vista - alteração de valores de parcelas","Importação PDF"
"205","KIDASEN INDUSTRIA E COMERCIO DE ANTENAS LTDA","369795/02",NULL,"2026-01-26",NULL,NULL,"8012.17","Em aberto","Ref. a NF nº 369795","Importação PDF"
"206","KIDASEN INDUSTRIA E COMERCIO DE ANTENAS LTDA","368487/03",NULL,"2026-01-29",NULL,NULL,"2194.20","Pago","Ref. a NF nº 368487","Importação PDF"
"207","KIDASEN INDUSTRIA E COMERCIO DE ANTENAS LTDA","368712/03",NULL,"2026-02-03",NULL,NULL,"6417.60","Em aberto","Ref. a NF nº 368712","Importação PDF"
"208","KIDASEN INDUSTRIA E COMERCIO DE ANTENAS LTDA","369583/03",NULL,"2026-02-17",NULL,NULL,"12835.09","Em aberto","Ref. a NF nº 369583","Importação PDF"
"209","KIDASEN INDUSTRIA E COMERCIO DE ANTENAS LTDA","369795/03",NULL,"2026-02-23",NULL,NULL,"8012.17","Em aberto","Ref. a NF nº 369795","Importação PDF"
"210","RIO BRANCO COM. E IND. DE PAPEIS LTDA","158408/01",NULL,"2025-10-23",NULL,NULL,"1299.31","Pago","Ref. a NF nº 158408","Importação PDF"
"211","RIO BRANCO COM. E IND. DE PAPEIS LTDA","158408/02",NULL,"2025-11-21",NULL,NULL,"1299.31","Pago","Ref. a NF nº 158408","Importação PDF"
"212","RIO BRANCO COM. E IND. DE PAPEIS LTDA","158408/03",NULL,"2025-12-20",NULL,NULL,"1299.70","Em aberto","Ref. a NF nº 158408","Importação PDF"
"213","Brasforma Industria e Comercio Ltda","278570/03",NULL,"2025-12-07",NULL,NULL,"8570.00","Em aberto","Ref. a NF nº 278570","Importação PDF"
"214","Brasforma Industria e Comercio Ltda","280400/02",NULL,"2025-12-14",NULL,NULL,"895.05","Em aberto","Ref. a NF nº 280400 - boletos recalculados (antes 4 parcelas, agora 2 parcelas)","Importação PDF"
"215","Brasforma Industria e Comercio Ltda","281058/02",NULL,"2025-12-28",NULL,NULL,"3024.00","Em aberto","Ref. a NF nº 281058","Importação PDF"
"216","Brasforma Industria e Comercio Ltda","282166/01",NULL,"2025-12-28",NULL,NULL,"41482.80","Em aberto","Ref. a NF nº 282166","Importação PDF"
"217","Brasforma Industria e Comercio Ltda","279582/03",NULL,"2025-12-28",NULL,NULL,"3753.54","Em aberto","Ref. a NF nº 279582","Importação PDF"
"218","Brasforma Industria e Comercio Ltda","281061/02",NULL,"2025-12-28",NULL,NULL,"2970.00","Em aberto","Ref. a NF nº 281061","Importação PDF"
"219","Brasforma Industria e Comercio Ltda","282209/01",NULL,"2025-12-28",NULL,NULL,"2987.17","Em aberto","Ref. a NF nº 282209","Importação PDF"
"220","Brasforma Industria e Comercio Ltda","279898/03",NULL,"2026-01-01",NULL,NULL,"3864.00","Em aberto","Ref. a NF nº 279898","Importação PDF"
"221","Brasforma Industria e Comercio Ltda","282399/01",NULL,"2026-01-03",NULL,NULL,"7365.60","Em aberto","Ref. a NF nº 282399","Importação PDF"
"222","Brasforma Industria e Comercio Ltda","282429/01",NULL,"2026-01-04",NULL,NULL,"2604.09","Em aberto","Ref. a NF nº 282429","Importação PDF"
"223","Brasforma Industria e Comercio Ltda","281058/03",NULL,"2026-01-27",NULL,NULL,"3024.00","Em aberto","Ref. a NF nº 281058","Importação PDF"
"224","Brasforma Industria e Comercio Ltda","282166/02",NULL,"2026-01-27",NULL,NULL,"34569.00","Em aberto","Ref. a NF nº 282166","Importação PDF"
"225","Brasforma Industria e Comercio Ltda","279582/04",NULL,"2026-01-27",NULL,NULL,"3753.54","Em aberto","Ref. a NF nº 279582","Importação PDF"
"226","Brasforma Industria e Comercio Ltda","281061/03",NULL,"2026-01-27",NULL,NULL,"2970.00","Em aberto","Ref. a NF nº 281061","Importação PDF"
"227","Brasforma Industria e Comercio Ltda","282209/02",NULL,"2026-01-27",NULL,NULL,"2643.51","Em aberto","Ref. a NF nº 282209","Importação PDF"
"228","Brasforma Industria e Comercio Ltda","282399/02",NULL,"2026-02-02",NULL,NULL,"6138.00","Em aberto","Ref. a NF nº 282399","Importação PDF"
"229","Brasforma Industria e Comercio Ltda","282429/02",NULL,"2026-02-03",NULL,NULL,"2304.51","Em aberto","Ref. a NF nº 282429","Importação PDF"
"230","Brasforma Industria e Comercio Ltda","281058/04",NULL,"2026-02-26",NULL,NULL,"3024.00","Em aberto","Ref. a NF nº 281058","Importação PDF"
"231","Brasforma Industria e Comercio Ltda","282166/03",NULL,"2026-02-26",NULL,NULL,"34569.00","Em aberto","Ref. a NF nº 282166","Importação PDF"
"232","Brasforma Industria e Comercio Ltda","281061/04",NULL,"2026-02-26",NULL,NULL,"2970.00","Em aberto","Ref. a NF nº 281061","Importação PDF"
"233","Brasforma Industria e Comercio Ltda","282209/03",NULL,"2026-02-26",NULL,NULL,"2643.51","Em aberto","Ref. a NF nº 282209","Importação PDF"
"234","Brasforma Industria e Comercio Ltda","282399/03",NULL,"2026-03-04",NULL,NULL,"6138.00","Em aberto","Ref. a NF nº 282399","Importação PDF"
"235","Brasforma Industria e Comercio Ltda","282429/03",NULL,"2026-03-05",NULL,NULL,"2304.51","Em aberto","Ref. a NF nº 282429","Importação PDF"
"236","Brasforma Industria e Comercio Ltda","282166/04",NULL,"2026-03-28",NULL,NULL,"34569.00","Em aberto","Ref. a NF nº 282166","Importação PDF"
"237","Brasforma Industria e Comercio Ltda","282209/04",NULL,"2026-03-28",NULL,NULL,"2643.51","Em aberto","Ref. a NF nº 282209","Importação PDF"
"238","Brasforma Industria e Comercio Ltda","282399/04",NULL,"2026-04-03",NULL,NULL,"6138.00","Em aberto","Ref. a NF nº 282399","Importação PDF"
"239","Brasforma Industria e Comercio Ltda","282429/04",NULL,"2026-04-04",NULL,NULL,"2304.51","Em aberto","Ref. a NF nº 282429","Importação PDF"
